{"cameraMode":{"drawMode":0,"name":"Shaded","section":"Shading Mode"},"sceneLighting":true,"audioPlay":false,"sceneViewState":{"showFog":true,"showMaterialUpdate":false,"showSkybox":true,"showFlares":true,"showImageEffects":true,"showParticleSystems":true},"in2DMode":false,"pivot":{"x":4.323392391204834,"y":1.5495742559432984,"z":14.370342254638672},"rotation":{"x":-0.3270817697048187,"y":-0.022861048579216005,"z":0.007916241884231568,"w":-0.9446862936019898},"size":10.0,"orthographic":false}