{"cameraMode":{"drawMode":0,"name":"Shaded","section":"Shading Mode"},"sceneLighting":false,"audioPlay":false,"sceneViewState":{"showFog":true,"showMaterialUpdate":false,"showSkybox":true,"showFlares":true,"showImageEffects":true,"showParticleSystems":true},"in2DMode":false,"pivot":{"x":59.61406326293945,"y":-0.3141580820083618,"z":49.80109405517578},"rotation":{"x":0.11356072127819061,"y":-0.09320150315761566,"z":0.010700051672756672,"w":0.9890920519828796},"size":5.8166823387146,"orthographic":false}