{"cameraMode":{"drawMode":0,"name":"Shaded","section":"Shading Mode"},"sceneLighting":true,"audioPlay":false,"sceneViewState":{"showFog":true,"showMaterialUpdate":false,"showSkybox":true,"showFlares":true,"showImageEffects":true,"showParticleSystems":true},"in2DMode":false,"pivot":{"x":7.300509452819824,"y":5.495988845825195,"z":57.27964782714844},"rotation":{"x":-0.0014463557163253427,"y":-0.9794983863830566,"z":-0.0070391553454101089,"w":0.2013239711523056},"size":10.0,"orthographic":false}